{
  "status": 200,
  "msg": "SUCCESS",
  "data": [
    {
      "menuId": 100,
      "menuName": "下载游戏",
      "parentId": 0,
      "menuType": "1",
      "path": "/download",
      "name": "downloadPage",
      "component": "",
      "icon": "Download",
      "isHide": "1",
      "isLink": "",
      "isKeepAlive": "0",
      "isFull": "1",
      "isAffix": "1",
      "redirect": "/download/vanilla"
    },
    {
      "menuId": 101,
      "menuName": "原版游戏",
      "parentId": 100,
      "menuType": "2",
      "path": "/download/vanilla",
      "name": "downloadVanillaPage",
      "component": "download/index",
      "icon": "Coin",
      "isHide": "1",
      "isLink": "",
      "isKeepAlive": "0",
      "isFull": "1",
      "isAffix": "1",
      "redirect": ""
    },
    {
      "menuId": 102,
      "menuName": "模组版",
      "parentId": 100,
      "menuType": "2",
      "path": "/download/modded",
      "name": "downloadModdedPage",
      "component": "download/index",
      "icon": "SetUp",
      "isHide": "1",
      "isLink": "",
      "isKeepAlive": "0",
      "isFull": "1",
      "isAffix": "1",
      "redirect": ""
    },
    {
      "menuId": 103,
      "menuName": "插件版",
      "parentId": 100,
      "menuType": "2",
      "path": "/download/plugin",
      "name": "downloadPluginPage",
      "component": "download/index",
      "icon": "Connection",
      "isHide": "1",
      "isLink": "",
      "isKeepAlive": "0",
      "isFull": "1",
      "isAffix": "1",
      "redirect": ""
    },
    {
      "menuId": 1,
      "menuName": "系统管理",
      "parentId": 0,
      "menuType": "1",
      "path": "/system",
      "name": "systemPage",
      "component": "",
      "icon": "Tools",
      "isHide": "0",
      "isLink": "",
      "isKeepAlive": "0",
      "isFull": "1",
      "isAffix": "1",
      "redirect": "/system/personage"
    },
    {
      "menuId": 11,
      "menuName": "用户管理",
      "parentId": 1,
      "menuType": "2",
      "path": "/system/user",
      "name": "userPage",
      "component": "system/user/index",
      "icon": "UserFilled",
      "isHide": "0",
      "isLink": "",
      "isKeepAlive": "0",
      "isFull": "1",
      "isAffix": "1",
      "redirect": ""
    },
    {
      "menuId": 12,
      "menuName": "角色管理",
      "parentId": 1,
      "menuType": "2",
      "path": "/system/role",
      "name": "rolePage",
      "component": "system/role/index",
      "icon": "CameraFilled",
      "isHide": "0",
      "isLink": "",
      "isKeepAlive": "0",
      "isFull": "1",
      "isAffix": "1",
      "redirect": ""
    },
    {
      "menuId": 13,
      "menuName": "菜单管理",
      "parentId": 1,
      "menuType": "2",
      "path": "/system/menu",
      "name": "menuPage",
      "component": "system/menu/index",
      "icon": "Menu",
      "isHide": "0",
      "isLink": "",
      "isKeepAlive": "0",
      "isFull": "1",
      "isAffix": "1",
      "redirect": ""
    },
    {
      "menuId": 14,
      "menuName": "字典管理",
      "parentId": 1,
      "menuType": "2",
      "path": "/system/dict/type",
      "name": "dictTypePage",
      "component": "system/dict/type",
      "icon": "Management",
      "isHide": "0",
      "isLink": "",
      "isKeepAlive": "0",
      "isFull": "1",
      "isAffix": "1",
      "redirect": ""
    },
    {
      "menuId": 16,
      "menuName": "部门管理",
      "parentId": 1,
      "menuType": "2",
      "path": "/system/dept",
      "name": "deptPage",
      "component": "system/dept/index",
      "icon": "Histogram",
      "isHide": "0",
      "isLink": "",
      "isKeepAlive": "0",
      "isFull": "1",
      "isAffix": "1",
      "redirect": ""
    },
    {
      "menuId": 17,
      "menuName": "岗位管理",
      "parentId": 1,
      "menuType": "2",
      "path": "/system/post",
      "name": "postPage",
      "component": "system/post/index",
      "icon": "Postcard",
      "isHide": "0",
      "isLink": "",
      "isKeepAlive": "0",
      "isFull": "1",
      "isAffix": "1",
      "redirect": ""
    },
    {
      "menuId": 18,
      "menuName": "登录日志",
      "parentId": 1,
      "menuType": "2",
      "path": "/system/loginlog",
      "name": "loginlogPage",
      "component": "system/loginlog/index",
      "icon": "Calendar",
      "isHide": "0",
      "isLink": "",
      "isKeepAlive": "0",
      "isFull": "1",
      "isAffix": "1",
      "redirect": ""
    },
    {
      "menuId": 19,
      "menuName": "操作日志",
      "parentId": 1,
      "menuType": "2",
      "path": "/system/operlog",
      "name": "operlogPage",
      "component": "system/operlog/index",
      "icon": "Notebook",
      "isHide": "0",
      "isLink": "",
      "isKeepAlive": "0",
      "isFull": "1",
      "isAffix": "1",
      "redirect": ""
    },
    {
      "menuId": 20,
      "menuName": "通知公告",
      "parentId": 1,
      "menuType": "2",
      "path": "/system/notice",
      "name": "noticePage",
      "component": "system/notice/index",
      "icon": "ChatLineRound",
      "isHide": "0",
      "isLink": "",
      "isKeepAlive": "0",
      "isFull": "1",
      "isAffix": "1",
      "redirect": ""
    },
    {
      "menuId": 21,
      "menuName": "个人中心",
      "parentId": 1,
      "menuType": "2",
      "path": "/system/personage",
      "name": "personagePage",
      "component": "system/personage/index",
      "icon": "User",
      "isHide": "0",
      "isLink": "",
      "isKeepAlive": "0",
      "isFull": "1",
      "isAffix": "1",
      "redirect": ""
    },
    {
      "menuId": 6,
      "menuName": "多级菜单",
      "parentId": 0,
      "menuType": "1",
      "path": "/menus",
      "name": "menusPage",
      "component": "",
      "icon": "KnifeFork",
      "isHide": "0",
      "isLink": "",
      "isKeepAlive": "0",
      "isFull": "1",
      "isAffix": "1",
      "redirect": "/menus/menu1"
    },
    {
      "menuId": 67,
      "menuName": "菜单一",
      "parentId": 6,
      "menuType": "2",
      "path": "/menus/menu1",
      "name": "menu1Page",
      "component": "menus/menu1",
      "icon": "Coffee",
      "isHide": "0",
      "isLink": "",
      "isKeepAlive": "0",
      "isFull": "1",
      "isAffix": "1",
      "redirect": ""
    },
    {
      "menuId": 68,
      "menuName": "菜单二",
      "parentId": 6,
      "menuType": "1",
      "path": "/menus/menu2",
      "name": "menu2Page",
      "component": "",
      "icon": "Burger",
      "isHide": "0",
      "isLink": "",
      "isKeepAlive": "0",
      "isFull": "1",
      "isAffix": "1",
      "redirect": "/menus/menu2"
    },
    {
      "menuId": 69,
      "menuName": "菜单三",
      "parentId": 68,
      "menuType": "2",
      "path": "/menus/menu3",
      "name": "menu3Page",
      "component": "menus/menu2",
      "icon": "Chicken",
      "isHide": "0",
      "isLink": "",
      "isKeepAlive": "0",
      "isFull": "1",
      "isAffix": "1",
      "redirect": ""
    },
    {
      "menuId": 7,
      "menuName": "外部链接",
      "parentId": 0,
      "menuType": "1",
      "path": "/link",
      "name": "linkPage",
      "component": "",
      "icon": "Paperclip",
      "isHide": "0",
      "isLink": "",
      "isKeepAlive": "0",
      "isFull": "1",
      "isAffix": "1",
      "redirect": "/link/github"
    },
    {
      "menuId": 71,
      "menuName": "Gitee仓库",
      "parentId": 7,
      "menuType": "2",
      "path": "/link/gitee",
      "name": "giteePage",
      "component": "link/gitee/index",
      "icon": "Soccer",
      "isHide": "0",
      "isLink": "https://gitee.com/BigCatHome/koi-ui",
      "isKeepAlive": "0",
      "isFull": "1",
      "isAffix": "1",
      "redirect": ""
    },
    {
      "menuId": 72,
      "menuName": "Github仓库",
      "parentId": 7,
      "menuType": "2",
      "path": "/link/github",
      "name": "githubPage",
      "component": "link/github/index",
      "icon": "Basketball",
      "isHide": "0",
      "isLink": "https://gitee.com/BigCatHome/koi-ui",
      "isKeepAlive": "0",
      "isFull": "1",
      "isAffix": "1",
      "redirect": ""
    },
    {
      "menuId": 73,
      "menuName": "Iframe页面",
      "parentId": 7,
      "menuType": "2",
      "path": "/link/iframe",
      "name": "iframePage",
      "component": "link/iframe/index",
      "icon": "Baseball",
      "isHide": "0",
      "isLink": "",
      "isKeepAlive": "0",
      "isFull": "1",
      "isAffix": "1",
      "redirect": ""
    },
    {
      "menuId": 8,
      "menuName": "组件示例",
      "parentId": 0,
      "menuType": "1",
      "path": "/workbench",
      "name": "workbenchPage",
      "component": "",
      "icon": "Briefcase",
      "isHide": "0",
      "isLink": "",
      "isKeepAlive": "0",
      "isFull": "1",
      "isAffix": "1",
      "redirect": "/workbench/base"
    },
    {
      "menuId": 81,
      "menuName": "标签页操作",
      "parentId": 8,
      "menuType": "2",
      "path": "/module/tabs",
      "name": "tabsPage",
      "component": "module/tabs/index",
      "icon": "Watermelon",
      "isHide": "0",
      "isLink": "",
      "isKeepAlive": "0",
      "isFull": "1",
      "isAffix": "1",
      "redirect": ""
    },
    {
      "menuId": 82,
      "menuName": "标签页明细",
      "parentId": 8,
      "menuType": "2",
      "path": "/module/tabs/detail/:id",
      "name": "tabsDetailPage",
      "component": "module/tabs/detail",
      "icon": "Pear",
      "isHide": "0",
      "isLink": "",
      "isKeepAlive": "0",
      "isFull": "1",
      "isAffix": "1",
      "redirect": ""
    },
    {
      "menuId": 83,
      "menuName": "KoiDialog",
      "parentId": 8,
      "menuType": "2",
      "path": "/module/dialog",
      "name": "dialogPage",
      "component": "module/dialog/index",
      "icon": "Reading",
      "isHide": "0",
      "isLink": "",
      "isKeepAlive": "0",
      "isFull": "1",
      "isAffix": "1",
      "redirect": ""
    },
    {
      "menuId": 84,
      "menuName": "KoiDrawer",
      "parentId": 8,
      "menuType": "2",
      "path": "/module/drawer",
      "name": "drawerPage",
      "component": "module/drawer/index",
      "icon": "Notebook",
      "isHide": "0",
      "isLink": "",
      "isKeepAlive": "0",
      "isFull": "1",
      "isAffix": "1",
      "redirect": ""
    },
    {
      "menuId": 85,
      "menuName": "SVG 图标",
      "parentId": 8,
      "menuType": "2",
      "path": "/module/svgIcon",
      "name": "svgIconPage",
      "component": "module/svgIcon/index",
      "icon": "ReadingLamp",
      "isHide": "0",
      "isLink": "",
      "isKeepAlive": "0",
      "isFull": "1",
      "isAffix": "1",
      "redirect": ""
    },
    {
      "menuId": 86,
      "menuName": "防抖节流",
      "parentId": 8,
      "menuType": "2",
      "path": "/module/controls",
      "name": "controlsPage",
      "component": "module/controls/index",
      "icon": "TurnOff",
      "isHide": "0",
      "isLink": "",
      "isKeepAlive": "0",
      "isFull": "1",
      "isAffix": "1",
      "redirect": ""
    },
    {
      "menuId": 87,
      "menuName": "引导页",
      "parentId": 8,
      "menuType": "2",
      "path": "/module/driver",
      "name": "driverPage",
      "component": "module/driver/index",
      "icon": "Position",
      "isHide": "0",
      "isLink": "",
      "isKeepAlive": "0",
      "isFull": "1",
      "isAffix": "1",
      "redirect": ""
    },
    {
      "menuId": 88,
      "menuName": "图片上传",
      "parentId": 8,
      "menuType": "2",
      "path": "/module/upload",
      "name": "uploadPage",
      "component": "module/upload/index",
      "icon": "Picture",
      "isHide": "0",
      "isLink": "",
      "isKeepAlive": "0",
      "isFull": "1",
      "isAffix": "1",
      "redirect": ""
    },
    {
      "menuId": 89,
      "menuName": "标签筛选",
      "parentId": 8,
      "menuType": "2",
      "path": "/module/filter",
      "name": "filterPage",
      "component": "module/filter/index",
      "icon": "PriceTag",
      "isHide": "0",
      "isLink": "",
      "isKeepAlive": "0",
      "isFull": "1",
      "isAffix": "1",
      "redirect": ""
    },
    {
      "menuId": 9,
      "menuName": "异常页面",
      "parentId": 0,
      "menuType": "1",
      "path": "/error",
      "name": "errorPage",
      "component": "",
      "icon": "Warning",
      "isHide": "0",
      "isLink": "",
      "isKeepAlive": "0",
      "isFull": "1",
      "isAffix": "1",
      "redirect": "/error/401"
    },
    {
      "menuId": 91,
      "menuName": "403",
      "parentId": 9,
      "menuType": "2",
      "path": "/error/403",
      "name": "403Page",
      "component": "error/403",
      "icon": "QuestionFilled",
      "isHide": "0",
      "isLink": "",
      "isKeepAlive": "0",
      "isFull": "1",
      "isAffix": "1",
      "redirect": ""
    },
    {
      "menuId": 92,
      "menuName": "404",
      "parentId": 9,
      "menuType": "2",
      "path": "/error/404",
      "name": "404Page",
      "component": "error/404",
      "icon": "CircleCloseFilled",
      "isHide": "0",
      "isLink": "",
      "isKeepAlive": "0",
      "isFull": "1",
      "isAffix": "1",
      "redirect": ""
    },
    {
      "menuId": 93,
      "menuName": "500",
      "parentId": 9,
      "menuType": "2",
      "path": "/error/500",
      "name": "500Page",
      "component": "error/500",
      "icon": "WarningFilled",
      "isHide": "0",
      "isLink": "",
      "isKeepAlive": "0",
      "isFull": "1",
      "isAffix": "1",
      "redirect": ""
    }
  ]
}
